<?xml version="1.0" encoding="UTF-8"?>
<project-private xmlns="http://www.netbeans.org/ns/project-private/1">
    <editor-bookmarks xmlns="http://www.netbeans.org/ns/editor-bookmarks/2" lastBookmarkId="0"/>
    <open-files xmlns="http://www.netbeans.org/ns/projectui-open-files/2">
        <group>
            <file>file:/C:/Users/U%20S%20E%20R/OneDrive/Documents/UNI/uni%20degree/sem4/web%20based/Assignment/MovieReview/web/signup.jsp</file>
            <file>file:/C:/Users/U%20S%20E%20R/OneDrive/Documents/UNI/uni%20degree/sem4/web%20based/Assignment/MovieReview/src/java/ResetPasswordServlet.java</file>
            <file>file:/C:/Users/U%20S%20E%20R/OneDrive/Documents/UNI/uni%20degree/sem4/web%20based/Assignment/MovieReview/src/java/controller/ReviewServlet.java</file>
            <file>file:/C:/Users/U%20S%20E%20R/OneDrive/Documents/UNI/uni%20degree/sem4/web%20based/Assignment/MovieReview/src/java/controller/MovieServlet.java</file>
            <file>file:/C:/Users/U%20S%20E%20R/OneDrive/Documents/UNI/uni%20degree/sem4/web%20based/Assignment/MovieReview/web/deleteMovie.jsp</file>
            <file>file:/C:/Users/U%20S%20E%20R/OneDrive/Documents/UNI/uni%20degree/sem4/web%20based/Assignment/MovieReview/src/java/controller/ReactionServlet.java</file>
            <file>file:/C:/Users/U%20S%20E%20R/OneDrive/Documents/UNI/uni%20degree/sem4/web%20based/Assignment/MovieReview/web/viewReviewDetails.jsp</file>
            <file>file:/C:/Users/U%20S%20E%20R/OneDrive/Documents/UNI/uni%20degree/sem4/web%20based/Assignment/MovieReview/web/viewReviews.jsp</file>
            <file>file:/C:/Users/U%20S%20E%20R/OneDrive/Documents/UNI/uni%20degree/sem4/web%20based/Assignment/MovieReview/src/java/DBUtil.java</file>
            <file>file:/C:/Users/U%20S%20E%20R/OneDrive/Documents/UNI/uni%20degree/sem4/web%20based/Assignment/MovieReview/web/forgotPassword.jsp</file>
            <file>file:/C:/Users/U%20S%20E%20R/OneDrive/Documents/UNI/uni%20degree/sem4/web%20based/Assignment/MovieReview/web/homepage.jsp</file>
            <file>file:/C:/Users/U%20S%20E%20R/OneDrive/Documents/UNI/uni%20degree/sem4/web%20based/Assignment/MovieReview/src/java/controller/CommentServlet.java</file>
            <file>file:/C:/Users/U%20S%20E%20R/OneDrive/Documents/UNI/uni%20degree/sem4/web%20based/Assignment/MovieReview/web/deleteComment.jsp</file>
            <file>file:/C:/Users/U%20S%20E%20R/OneDrive/Documents/UNI/uni%20degree/sem4/web%20based/Assignment/MovieReview/src/java/LoginServlet.java</file>
            <file>file:/C:/Users/U%20S%20E%20R/OneDrive/Documents/UNI/uni%20degree/sem4/web%20based/Assignment/MovieReview/web/welcome.jsp</file>
            <file>file:/C:/Users/U%20S%20E%20R/OneDrive/Documents/UNI/uni%20degree/sem4/web%20based/Assignment/MovieReview/web/editComment.jsp</file>
            <file>file:/C:/Users/U%20S%20E%20R/OneDrive/Documents/UNI/uni%20degree/sem4/web%20based/Assignment/MovieReview/web/editReview.jsp</file>
            <file>file:/C:/Users/U%20S%20E%20R/OneDrive/Documents/UNI/uni%20degree/sem4/web%20based/Assignment/MovieReview/web/editMovie.jsp</file>
            <file>file:/C:/Users/U%20S%20E%20R/OneDrive/Documents/UNI/uni%20degree/sem4/web%20based/Assignment/MovieReview/web/profile.jsp</file>
            <file>file:/C:/Users/U%20S%20E%20R/OneDrive/Documents/UNI/uni%20degree/sem4/web%20based/Assignment/MovieReview/src/java/model/CommentDAO.java</file>
            <file>file:/C:/Users/U%20S%20E%20R/OneDrive/Documents/UNI/uni%20degree/sem4/web%20based/Assignment/MovieReview/web/addMovie.jsp</file>
            <file>file:/C:/Users/U%20S%20E%20R/OneDrive/Documents/UNI/uni%20degree/sem4/web%20based/Assignment/MovieReview/web/resetPassword.jsp</file>
            <file>file:/C:/Users/U%20S%20E%20R/OneDrive/Documents/UNI/uni%20degree/sem4/web%20based/Assignment/MovieReview/src/java/LogoutServlet.java</file>
            <file>file:/C:/Users/U%20S%20E%20R/OneDrive/Documents/UNI/uni%20degree/sem4/web%20based/Assignment/MovieReview/web/movieManagement.jsp</file>
            <file>file:/C:/Users/U%20S%20E%20R/OneDrive/Documents/UNI/uni%20degree/sem4/web%20based/Assignment/MovieReview/src/java/EmailUtil.java</file>
            <file>file:/C:/Users/U%20S%20E%20R/OneDrive/Documents/UNI/uni%20degree/sem4/web%20based/Assignment/MovieReview/web/addReview.jsp</file>
            <file>file:/C:/Users/U%20S%20E%20R/OneDrive/Documents/UNI/uni%20degree/sem4/web%20based/Assignment/MovieReview/src/java/RegistrationServlet.java</file>
            <file>file:/C:/Users/U%20S%20E%20R/OneDrive/Documents/UNI/uni%20degree/sem4/web%20based/Assignment/MovieReview/src/java/model/Comment.java</file>
            <file>file:/C:/Users/U%20S%20E%20R/OneDrive/Documents/UNI/uni%20degree/sem4/web%20based/Assignment/MovieReview/src/java/SignupServlet.java</file>
            <file>file:/C:/Users/U%20S%20E%20R/OneDrive/Documents/UNI/uni%20degree/sem4/web%20based/Assignment/MovieReview/src/java/ForgotPasswordServlet.java</file>
            <file>file:/C:/Users/U%20S%20E%20R/OneDrive/Documents/UNI/uni%20degree/sem4/web%20based/Assignment/MovieReview/src/java/controller/UpdateProfileServlet.java</file>
            <file>file:/C:/Users/U%20S%20E%20R/OneDrive/Documents/UNI/uni%20degree/sem4/web%20based/Assignment/MovieReview/web/login.jsp</file>
            <file>file:/C:/Users/U%20S%20E%20R/OneDrive/Documents/UNI/uni%20degree/sem4/web%20based/Assignment/MovieReview/web/logout.jsp</file>
            <file>file:/C:/Users/U%20S%20E%20R/OneDrive/Documents/UNI/uni%20degree/sem4/web%20based/Assignment/MovieReview/web/index.html</file>
        </group>
    </open-files>
</project-private>
